,out_pixels_c_U,,chan_status1.csv
,clip_tris_v0_x_U,,chan_status2.csv
,clip_tris_v0_y_U,,chan_status3.csv
,clip_tris_v0_z_U,,chan_status4.csv
,clip_tris_v0_w_U,,chan_status5.csv
,clip_tris_v1_x_U,,chan_status6.csv
,clip_tris_v1_y_U,,chan_status7.csv
,clip_tris_v1_z_U,,chan_status8.csv
,clip_tris_v1_w_U,,chan_status9.csv
,clip_tris_v2_x_U,,chan_status10.csv
,clip_tris_v2_y_U,,chan_status11.csv
,clip_tris_v2_z_U,,chan_status12.csv
,clip_tris_v2_w_U,,chan_status13.csv
,clip_tris_n0_x_U,,chan_status14.csv
,clip_tris_n0_y_U,,chan_status15.csv
,clip_tris_n0_z_U,,chan_status16.csv
,clip_tris_n1_x_U,,chan_status17.csv
,clip_tris_n1_y_U,,chan_status18.csv
,clip_tris_n1_z_U,,chan_status19.csv
,clip_tris_n2_x_U,,chan_status20.csv
,clip_tris_n2_y_U,,chan_status21.csv
,clip_tris_n2_z_U,,chan_status22.csv
,clip_tris_color_U,,chan_status23.csv
,clip_tris_is_active_U,,chan_status24.csv
,screen_tris_in_v0_x_U,,chan_status25.csv
,screen_tris_in_v0_y_U,,chan_status26.csv
,screen_tris_in_v0_z_U,,chan_status27.csv
,screen_tris_in_v0_w_U,,chan_status28.csv
,screen_tris_in_v1_x_U,,chan_status29.csv
,screen_tris_in_v1_y_U,,chan_status30.csv
,screen_tris_in_v1_z_U,,chan_status31.csv
,screen_tris_in_v1_w_U,,chan_status32.csv
,screen_tris_in_v2_x_U,,chan_status33.csv
,screen_tris_in_v2_y_U,,chan_status34.csv
,screen_tris_in_v2_z_U,,chan_status35.csv
,screen_tris_in_v2_w_U,,chan_status36.csv
,screen_tris_in_n0_x_U,,chan_status37.csv
,screen_tris_in_n0_y_U,,chan_status38.csv
,screen_tris_in_n0_z_U,,chan_status39.csv
,screen_tris_in_n1_x_U,,chan_status40.csv
,screen_tris_in_n1_y_U,,chan_status41.csv
,screen_tris_in_n1_z_U,,chan_status42.csv
,screen_tris_in_n2_x_U,,chan_status43.csv
,screen_tris_in_n2_y_U,,chan_status44.csv
,screen_tris_in_n2_z_U,,chan_status45.csv
,screen_tris_in_color_U,,chan_status46.csv
,screen_tris_in_is_active_U,,chan_status47.csv
,bounds_min_x_U,,chan_status48.csv
,bounds_min_y_U,,chan_status49.csv
,bounds_max_x_U,,chan_status50.csv
,bounds_max_y_U,,chan_status51.csv
,screen_tris_out_v0_x_U,,chan_status52.csv
,screen_tris_out_v0_y_U,,chan_status53.csv
,screen_tris_out_v0_z_U,,chan_status54.csv
,screen_tris_out_v0_w_U,,chan_status55.csv
,screen_tris_out_v1_x_U,,chan_status56.csv
,screen_tris_out_v1_y_U,,chan_status57.csv
,screen_tris_out_v1_z_U,,chan_status58.csv
,screen_tris_out_v1_w_U,,chan_status59.csv
,screen_tris_out_v2_x_U,,chan_status60.csv
,screen_tris_out_v2_y_U,,chan_status61.csv
,screen_tris_out_v2_z_U,,chan_status62.csv
,screen_tris_out_v2_w_U,,chan_status63.csv
,screen_tris_out_n0_x_U,,chan_status64.csv
,screen_tris_out_n0_y_U,,chan_status65.csv
,screen_tris_out_n0_z_U,,chan_status66.csv
,screen_tris_out_n1_x_U,,chan_status67.csv
,screen_tris_out_n1_y_U,,chan_status68.csv
,screen_tris_out_n1_z_U,,chan_status69.csv
,screen_tris_out_n2_x_U,,chan_status70.csv
,screen_tris_out_n2_y_U,,chan_status71.csv
,screen_tris_out_n2_z_U,,chan_status72.csv
,screen_tris_out_color_U,,chan_status73.csv
,screen_tris_out_is_active_U,,chan_status74.csv
