read_input_U0,VITIS_LOOP_8_2,seq_loop_status1.csv
read_input_U0,VITIS_LOOP_7_1,seq_loop_status2.csv
compute_U0,VITIS_LOOP_35_3,seq_loop_status3.csv
compute_U0.grp_compute_Pipeline_VITIS_LOOP_27_1_VITIS_LOOP_28_2_fu_78,VITIS_LOOP_27_1_VITIS_LOOP_28_2,upc_loop_status1.csv
compute_U0.grp_compute_Pipeline_VITIS_LOOP_37_4_fu_102,VITIS_LOOP_37_4,upc_loop_status2.csv
compute_U0.grp_compute_Pipeline_VITIS_LOOP_77_10_VITIS_LOOP_78_11_fu_110,VITIS_LOOP_77_10_VITIS_LOOP_78_11,upc_loop_status3.csv
compute_U0.grp_compute_Pipeline_VITIS_LOOP_42_5_fu_125,VITIS_LOOP_42_5,upc_loop_status4.csv
compute_U0.grp_compute_Pipeline_VITIS_LOOP_49_6_VITIS_LOOP_50_7_fu_133,VITIS_LOOP_49_6_VITIS_LOOP_50_7,upc_loop_status5.csv
compute_U0.grp_compute_Pipeline_VITIS_LOOP_68_8_VITIS_LOOP_69_9_fu_147,VITIS_LOOP_68_8_VITIS_LOOP_69_9,upc_loop_status6.csv
write_output_U0,VITIS_LOOP_89_1_VITIS_LOOP_90_2,upc_loop_status7.csv
